Pesquisa feita por:	Silvio Santos
Silvio Santos – Wikipédia, a enciclopédia livre	https://pt.wikipedia.org/wiki/Silvio_Santos
Programa Silvio Santos (@pgmsilviosantos) • Instagram ...	https://www.instagram.com/pgmsilviosantos/?hl=pt-br
Silvio Santos | Tudo Sobre | G1	https://g1.globo.com/tudo-sobre/silvio-santos/
Programa Silvio Santos - SBT	https://www.sbt.com.br/auditorio/programa-silvio-santos
Silvio Santos - Fotos, últimas notícias, idade, signo e biografia!	https://www.purepeople.com.br/famosos/silvio-santos_p2591
Silvio Santos retornará ao comando de seu programa no SBT ...	https://www.ofuxico.com.br/televisao/silvio-santos-retornara-ao-comando-de-seu-programa-no-sbt-afirma-patricia-abravanel/
Silvio Santos - ISTOÉ Independente	https://istoe.com.br/tag/silvio-santos/
Silvio Santos - Tudo Sobre	https://tudo-sobre.estadao.com.br/silvio-santos
Pesquisa feita por:	Luciano Huck
Luciano Huck (@lucianohuck) • Instagram photos and videos	https://www.instagram.com/lucianohuck/?hl=pt-br
Luciano Huck – Wikipédia, a enciclopédia livre	https://pt.wikipedia.org/wiki/Luciano_Huck
Luciano Huck - Facebook	https://pt-br.facebook.com/LucianoHuck
Fora das eleições, Huck luta para ser empossado dono do ...	https://noticiasdatv.uol.com.br/noticia/televisao/fora-das-eleicoes-huck-luta-para-ser-empossado-dono-do-domingao-em-2022-71918
Luciano Huck lembra Faustão no Melhores do Ano - O Fuxico	https://www.ofuxico.com.br/televisao/luciano-huck-lembra-faustao-no-melhores-do-ano/
Pesquisa feita por:	PyCharm
Baixar PyCharm: o IDE Python da JetBrains para ...	https://www.jetbrains.com/pt-br/pycharm/download/
PyCharm: o IDE Python da JetBrains para desenvolvedores ...	https://www.jetbrains.com/pt-br/pycharm/
PyCharm Edu - JetBrains	https://www.jetbrains.com/pt-br/pycharm-edu/
Install PyCharm - JetBrains	https://www.jetbrains.com/help/pycharm/installation-guide.html
Outras versões - PyCharm - JetBrains	https://www.jetbrains.com/pt-br/pycharm/download/other.html
Recursos - PyCharm - JetBrains	https://www.jetbrains.com/pt-br/pycharm/features/
Novidades no PyCharm 2021.3 - JetBrains	https://www.jetbrains.com/pt-br/pycharm/whatsnew/
PyCharm: the Python IDE for Professional Developers by ...	https://www.jetbrains.com/pt-pt/lp/pycharm-anaconda/
Get started | PyCharm - JetBrains	https://www.jetbrains.com/help/pycharm/quick-start-guide.html
Saiba mais sobre o PyCharm - JetBrains	https://www.jetbrains.com/pt-br/pycharm/learn/
Pesquisa feita por:	VS Code
Visual Studio Code - Code Editing. Redefined	https://code.visualstudio.com/
Visual Studio: IDE e Editor de Código para Desenvolvedores ...	https://visualstudio.microsoft.com/pt-br/
VS Code - O que é e por que você deve usar? | Blog TreinaWeb	https://www.treinaweb.com.br/blog/vs-code-o-que-e-e-por-que-voce-deve-usar
Visual Studio Code - YouTube	https://www.youtube.com/c/code
microsoft/vscode: Visual Studio Code - GitHub	https://github.com/microsoft/vscode
Visual Studio Code 1.63.2 para Windows - Download	https://visual-studio-code.br.uptodown.com/windows
Pesquisa feita por:	Neymar
o que foi destaque no 2021 do neymar jr?	https://www.neymarjr.com/pt
NJ (@neymarjr) • Instagram photos and videos	https://www.instagram.com/neymarjr/
Neymar Jr. | Facebook	https://pt-br.facebook.com/neymarjr
Neymar - Perfil de jogador 21/22 | Transfermarkt	https://www.transfermarkt.com.br/neymar/profil/spieler/68290
Neymar – Wikipédia, a enciclopédia livre	https://pt.wikipedia.org/wiki/Neymar
Namorando, Neymar foge das polêmicas em festa discreta	https://www.terra.com.br/esportes/craques/neymar/namorando-neymar-foge-das-polemicas-em-festa-discreta,cea64f22a5ca2c1a64b8e3a033c679a7n5i7kpaf.html
Neymar Jr. - Metrópoles	https://www.metropoles.com/tag/neymar
